Model name;Random seed;Status;Objective;Lower bound;Time;Last solution time;LB time;Solutions;LNS steps;Restarts;Branches;Fails;Memory;Int Vars;IntervalVars;Constraints;Solver;Workers;Time limit;Parameters;CPU;Date
jobshop-tt_abz6;0;Optimum;1002;1002;1.28;0.79;1.28;26;;;3191722;216254;4496078;0;100;100;"CP Optimizer 22.1.0.0";4;600;"--timeLimit 600 --workers 4";"AMD Ryzen 9 5950X";2023-08-22T06:37:12Z
jobshop-tt_abz5;0;Optimum;1313;1313;3.63;2.39;3.63;23;;;9669749;617503;4768310;0;100;100;"CP Optimizer 22.1.0.0";4;600;"--timeLimit 600 --workers 4";"AMD Ryzen 9 5950X";2023-08-22T06:37:12Z
jobshop-tt_abz7;0;Solution;875;706;600;57.55;0.11;54;;;1545911485;59940018;30175831;0;300;295;"CP Optimizer 22.1.0.0";4;600;"--timeLimit 600 --workers 4";"AMD Ryzen 9 5950X";2023-08-22T06:37:12Z
jobshop-tt_abz8;0;Solution;862;643;600;423.21;0.08;106;;;1556785709;57485120;28500039;0;300;295;"CP Optimizer 22.1.0.0";4;600;"--timeLimit 600 --workers 4";"AMD Ryzen 9 5950X";2023-08-22T06:37:13Z
jobshop-tt_abz9;0;Solution;863;661;600.01;87.27;0.11;69;;;1536961395;61577882;29516383;0;300;295;"CP Optimizer 22.1.0.0";4;600;"--timeLimit 600 --workers 4";"AMD Ryzen 9 5950X";2023-08-22T06:37:15Z
jobshop-tt_demirkol_cscmax_20_15_10;0;Solution;3654;2934;600;222.16;0.09;175;;;1581309310;50396887;25799615;0;300;295;"CP Optimizer 22.1.0.0";4;600;"--timeLimit 600 --workers 4";"AMD Ryzen 9 5950X";2023-08-22T06:47:12Z
jobshop-tt_demirkol_cscmax_20_15_1;0;Solution;3908;3009;600;186.83;0.09;141;;;1547241753;49773317;25330679;0;300;295;"CP Optimizer 22.1.0.0";4;600;"--timeLimit 600 --workers 4";"AMD Ryzen 9 5950X";2023-08-22T06:47:13Z
jobshop-tt_demirkol_cscmax_20_15_5;0;Solution;3889;3169;600;291.25;0.15;180;;;1583747776;49256748;25734231;0;300;295;"CP Optimizer 22.1.0.0";4;600;"--timeLimit 600 --workers 4";"AMD Ryzen 9 5950X";2023-08-22T06:47:15Z
jobshop-tt_demirkol_cscmax_20_15_7;0;Solution;3918;3289;600;124.02;0.08;158;;;1546042960;50029960;25509471;0;300;295;"CP Optimizer 22.1.0.0";4;600;"--timeLimit 600 --workers 4";"AMD Ryzen 9 5950X";2023-08-22T06:57:12Z
jobshop-tt_demirkol_cscmax_20_15_8;0;Solution;3805;3249;600.01;49.07;0.06;158;;;1546504893;49345404;25688799;0;300;295;"CP Optimizer 22.1.0.0";4;600;"--timeLimit 600 --workers 4";"AMD Ryzen 9 5950X";2023-08-22T06:57:13Z
jobshop-tt_demirkol_cscmax_20_20_2;0;Solution;4223;3445;600.01;65.43;0.13;174;;;1485523211;41974915;23482135;0;400;400;"CP Optimizer 22.1.0.0";4;600;"--timeLimit 600 --workers 4";"AMD Ryzen 9 5950X";2023-08-22T06:57:15Z
jobshop-tt_demirkol_cscmax_20_20_3;0;Solution;4339;3410;600;17.91;0.16;128;;;1484906533;42301800;23258015;0;400;400;"CP Optimizer 22.1.0.0";4;600;"--timeLimit 600 --workers 4";"AMD Ryzen 9 5950X";2023-08-22T07:07:12Z
jobshop-tt_demirkol_cscmax_20_20_4;0;Solution;4330;3475;600.01;86.42;0.16;214;;;1481179941;41028298;23484039;0;400;400;"CP Optimizer 22.1.0.0";4;600;"--timeLimit 600 --workers 4";"AMD Ryzen 9 5950X";2023-08-22T07:07:13Z
jobshop-tt_demirkol_cscmax_20_20_6;0;Solution;4477;3542;600;86.91;0.11;166;;;1471267312;39987097;22867095;0;400;400;"CP Optimizer 22.1.0.0";4;600;"--timeLimit 600 --workers 4";"AMD Ryzen 9 5950X";2023-08-22T07:07:16Z
jobshop-tt_demirkol_cscmax_20_20_9;0;Solution;4251;3444;600;231.66;0.11;166;;;1462336366;40753133;22846391;0;400;400;"CP Optimizer 22.1.0.0";4;600;"--timeLimit 600 --workers 4";"AMD Ryzen 9 5950X";2023-08-22T07:17:12Z
jobshop-tt_demirkol_cscmax_30_15_10;0;Solution;5057;4195;600.01;323.32;0.2;275;;;1421992736;32989179;20603199;0;450;435;"CP Optimizer 22.1.0.0";4;600;"--timeLimit 600 --workers 4";"AMD Ryzen 9 5950X";2023-08-22T07:17:13Z
jobshop-tt_demirkol_cscmax_30_15_2;0;Solution;4888;3951;600;443.73;0.1;272;;;1427213963;31540147;20198567;0;450;435;"CP Optimizer 22.1.0.0";4;600;"--timeLimit 600 --workers 4";"AMD Ryzen 9 5950X";2023-08-22T07:17:16Z
jobshop-tt_demirkol_cscmax_30_15_5;0;Solution;5027;4263;600.01;572.38;0.18;233;;;1415368786;32475265;20503583;0;450;435;"CP Optimizer 22.1.0.0";4;600;"--timeLimit 600 --workers 4";"AMD Ryzen 9 5950X";2023-08-22T07:27:12Z
jobshop-tt_demirkol_cscmax_30_15_6;0;Solution;4961;4187;600.02;570.07;0.15;343;;;1432056897;33954206;20817511;0;450;435;"CP Optimizer 22.1.0.0";4;600;"--timeLimit 600 --workers 4";"AMD Ryzen 9 5950X";2023-08-22T07:27:13Z
jobshop-tt_demirkol_cscmax_30_15_9;0;Solution;5006;4112;600.02;511.37;0.13;314;;;1413600021;32149500;20197847;0;450;435;"CP Optimizer 22.1.0.0";4;600;"--timeLimit 600 --workers 4";"AMD Ryzen 9 5950X";2023-08-22T07:27:16Z
jobshop-tt_demirkol_cscmax_30_20_3;0;Solution;5646;4298;600.01;595.57;0.22;360;;;1337421709;26868817;27689419;0;600;590;"CP Optimizer 22.1.0.0";4;600;"--timeLimit 600 --workers 4";"AMD Ryzen 9 5950X";2023-08-22T07:37:12Z
jobshop-tt_demirkol_cscmax_30_20_4;0;Solution;5688;4301;600.03;595.27;0.16;350;;;1350629911;25700318;21243638;0;600;590;"CP Optimizer 22.1.0.0";4;600;"--timeLimit 600 --workers 4";"AMD Ryzen 9 5950X";2023-08-22T07:37:13Z
jobshop-tt_demirkol_cscmax_30_20_6;0;Solution;5340;4250;600.02;431.56;0.2;303;;;1343922257;25418100;22373899;0;600;590;"CP Optimizer 22.1.0.0";4;600;"--timeLimit 600 --workers 4";"AMD Ryzen 9 5950X";2023-08-22T07:37:16Z
jobshop-tt_demirkol_cscmax_30_20_7;0;Solution;5540;4310;600.02;576.43;0.39;328;;;1334459091;27460977;21772967;0;600;590;"CP Optimizer 22.1.0.0";4;600;"--timeLimit 600 --workers 4";"AMD Ryzen 9 5950X";2023-08-22T07:47:12Z
jobshop-tt_demirkol_cscmax_30_20_9;0;Solution;5632;4499;600.01;537.97;0.29;262;;;1335077253;25595735;21515271;0;600;590;"CP Optimizer 22.1.0.0";4;600;"--timeLimit 600 --workers 4";"AMD Ryzen 9 5950X";2023-08-22T07:47:13Z
jobshop-tt_demirkol_cscmax_40_15_3;0;Solution;6153;4986;600.03;548.96;0.18;459;;;1339638408;23602470;30551159;0;600;575;"CP Optimizer 22.1.0.0";4;600;"--timeLimit 600 --workers 4";"AMD Ryzen 9 5950X";2023-08-22T07:47:16Z
jobshop-tt_demirkol_cscmax_40_15_4;0;Solution;6258;5189;600.03;582.81;0.17;363;;;1341284596;24182519;25348049;0;600;575;"CP Optimizer 22.1.0.0";4;600;"--timeLimit 600 --workers 4";"AMD Ryzen 9 5950X";2023-08-22T07:57:12Z
jobshop-tt_demirkol_cscmax_40_15_6;0;Solution;6117;5095;600.03;449;0.23;349;;;1352678693;25034816;28940859;0;600;575;"CP Optimizer 22.1.0.0";4;600;"--timeLimit 600 --workers 4";"AMD Ryzen 9 5950X";2023-08-22T07:57:13Z
jobshop-tt_demirkol_cscmax_40_15_7;0;Solution;6082;5169;600.02;587.01;0.24;523;;;1329573640;24028945;29230283;0;600;575;"CP Optimizer 22.1.0.0";4;600;"--timeLimit 600 --workers 4";"AMD Ryzen 9 5950X";2023-08-22T07:57:16Z
jobshop-tt_demirkol_cscmax_40_15_8;0;Solution;6364;5157;600.03;478.33;0.27;391;;;1341898562;23655351;29249963;0;600;575;"CP Optimizer 22.1.0.0";4;600;"--timeLimit 600 --workers 4";"AMD Ryzen 9 5950X";2023-08-22T08:07:12Z
jobshop-tt_demirkol_cscmax_40_20_10;0;Solution;6792;5413;600.03;521.9;0.26;405;;;1289921964;19813474;33612150;0;800;780;"CP Optimizer 22.1.0.0";4;600;"--timeLimit 600 --workers 4";"AMD Ryzen 9 5950X";2023-08-22T08:07:13Z
jobshop-tt_demirkol_cscmax_40_20_5;0;Solution;6868;5481;600.04;578.48;0.45;349;;;1276239099;18186605;39942764;0;800;780;"CP Optimizer 22.1.0.0";4;600;"--timeLimit 600 --workers 4";"AMD Ryzen 9 5950X";2023-08-22T08:07:16Z
jobshop-tt_demirkol_cscmax_40_20_6;0;Solution;6941;5598;600.03;596.21;0.24;451;;;1277725822;19261117;37082848;0;800;780;"CP Optimizer 22.1.0.0";4;600;"--timeLimit 600 --workers 4";"AMD Ryzen 9 5950X";2023-08-22T08:17:12Z
jobshop-tt_demirkol_cscmax_40_20_8;0;Solution;6803;5485;600.05;435.65;0.34;374;;;1258431829;18435188;28824929;0;800;780;"CP Optimizer 22.1.0.0";4;600;"--timeLimit 600 --workers 4";"AMD Ryzen 9 5950X";2023-08-22T08:17:13Z
jobshop-tt_demirkol_cscmax_40_20_9;0;Solution;6917;5557;600.04;573.53;0.36;397;;;1271952905;20101640;34425573;0;800;780;"CP Optimizer 22.1.0.0";4;600;"--timeLimit 600 --workers 4";"AMD Ryzen 9 5950X";2023-08-22T08:17:16Z
jobshop-tt_demirkol_cscmax_50_15_10;0;Solution;7198;6080;600.05;543.02;0.37;455;;;1280912202;17640434;29594773;0;750;715;"CP Optimizer 22.1.0.0";4;600;"--timeLimit 600 --workers 4";"AMD Ryzen 9 5950X";2023-08-22T08:27:12Z
jobshop-tt_demirkol_cscmax_50_15_3;0;Solution;7318;6111;600.04;494.83;0.59;380;;;1285084580;17335381;39558924;0;750;715;"CP Optimizer 22.1.0.0";4;600;"--timeLimit 600 --workers 4";"AMD Ryzen 9 5950X";2023-08-22T08:27:13Z
jobshop-tt_demirkol_cscmax_50_15_4;0;Solution;7647;6195;600.04;580.37;0.44;568;;;1298147432;18498386;30472323;0;750;715;"CP Optimizer 22.1.0.0";4;600;"--timeLimit 600 --workers 4";"AMD Ryzen 9 5950X";2023-08-22T08:27:16Z
jobshop-tt_demirkol_cscmax_50_15_6;0;Solution;7626;6403;600.05;570;0.36;357;;;1288040379;17982732;34516100;0;750;715;"CP Optimizer 22.1.0.0";4;600;"--timeLimit 600 --workers 4";"AMD Ryzen 9 5950X";2023-08-22T08:37:12Z
jobshop-tt_demirkol_cscmax_50_15_8;0;Solution;7442;6177;600.03;498.84;0.24;346;;;1272619509;17973320;36811895;0;750;715;"CP Optimizer 22.1.0.0";4;600;"--timeLimit 600 --workers 4";"AMD Ryzen 9 5950X";2023-08-22T08:37:14Z
jobshop-tt_demirkol_cscmax_50_20_1;0;Solution;8199;6403;600.07;593.93;0.54;466;;;1188421405;15423025;46428483;0;1000;970;"CP Optimizer 22.1.0.0";4;600;"--timeLimit 600 --workers 4";"AMD Ryzen 9 5950X";2023-08-22T08:37:16Z
jobshop-tt_demirkol_cscmax_50_20_3;0;Solution;8136;6586;600.08;462.04;0.79;441;;;1174231182;14982645;59734932;0;1000;970;"CP Optimizer 22.1.0.0";4;600;"--timeLimit 600 --workers 4";"AMD Ryzen 9 5950X";2023-08-22T08:47:12Z
jobshop-tt_demirkol_cscmax_50_20_4;0;Solution;7999;6508;600.07;520.93;0.52;515;;;1142521398;15068607;49487973;0;1000;970;"CP Optimizer 22.1.0.0";4;600;"--timeLimit 600 --workers 4";"AMD Ryzen 9 5950X";2023-08-22T08:47:14Z
jobshop-tt_demirkol_cscmax_50_20_7;0;Solution;8327;6729;600.07;452.04;0.4;427;;;1177794310;12752510;41074213;0;1000;970;"CP Optimizer 22.1.0.0";4;600;"--timeLimit 600 --workers 4";"AMD Ryzen 9 5950X";2023-08-22T08:47:16Z
jobshop-tt_demirkol_cscmax_50_20_9;0;Solution;8075;6537;600.06;532.71;0.56;436;;;1214286557;14175286;35615157;0;1000;970;"CP Optimizer 22.1.0.0";4;600;"--timeLimit 600 --workers 4";"AMD Ryzen 9 5950X";2023-08-22T08:57:12Z
jobshop-tt_demirkol_rcmax_20_15_10;0;Solution;2951;2534;600;84.9;0.11;118;;;1451557777;64571656;31967911;0;300;295;"CP Optimizer 22.1.0.0";4;600;"--timeLimit 600 --workers 4";"AMD Ryzen 9 5950X";2023-08-22T08:57:14Z
jobshop-tt_demirkol_rcmax_20_15_1;0;Solution;3027;2710;600.01;49.16;0.07;98;;;1476549993;61693225;29832791;0;300;295;"CP Optimizer 22.1.0.0";4;600;"--timeLimit 600 --workers 4";"AMD Ryzen 9 5950X";2023-08-22T08:57:16Z
jobshop-tt_demirkol_rcmax_20_15_4;0;Solution;2932;2435;600;12.44;0.09;96;;;1483375132;61682708;30616879;0;300;295;"CP Optimizer 22.1.0.0";4;600;"--timeLimit 600 --workers 4";"AMD Ryzen 9 5950X";2023-08-22T09:07:12Z
jobshop-tt_demirkol_rcmax_20_15_5;0;Solution;2937;2632;600.01;9.91;0.13;112;;;1437540851;51476603;27845487;0;300;295;"CP Optimizer 22.1.0.0";4;600;"--timeLimit 600 --workers 4";"AMD Ryzen 9 5950X";2023-08-22T09:07:14Z
jobshop-tt_demirkol_rcmax_20_15_8;0;Solution;2886;2525;600.01;56.44;0.08;94;;;1444551772;60138495;31426239;0;300;295;"CP Optimizer 22.1.0.0";4;600;"--timeLimit 600 --workers 4";"AMD Ryzen 9 5950X";2023-08-22T09:07:16Z
jobshop-tt_demirkol_rcmax_20_20_4;0;Solution;3351;2835;600.01;23.09;0.12;112;;;1382828082;50910770;27167639;0;400;400;"CP Optimizer 22.1.0.0";4;600;"--timeLimit 600 --workers 4";"AMD Ryzen 9 5950X";2023-08-22T09:17:13Z
jobshop-tt_demirkol_rcmax_20_20_5;0;Solution;3199;2808;600;135.23;0.09;69;;;1325065345;41504715;25112399;0;400;400;"CP Optimizer 22.1.0.0";4;600;"--timeLimit 600 --workers 4";"AMD Ryzen 9 5950X";2023-08-22T09:17:14Z
jobshop-tt_demirkol_rcmax_20_20_6;0;Solution;3595;2967;600;219.29;0.15;113;;;1387852907;49607636;26302911;0;400;400;"CP Optimizer 22.1.0.0";4;600;"--timeLimit 600 --workers 4";"AMD Ryzen 9 5950X";2023-08-22T09:17:16Z
jobshop-tt_demirkol_rcmax_20_20_7;0;Solution;3388;2931;600;573.52;0.1;95;;;1375804178;40903885;25457111;0;400;400;"CP Optimizer 22.1.0.0";4;600;"--timeLimit 600 --workers 4";"AMD Ryzen 9 5950X";2023-08-22T09:27:13Z
jobshop-tt_demirkol_rcmax_20_20_8;0;Solution;3391;2848;600;82.74;0.08;79;;;1400066863;52884594;27120911;0;400;400;"CP Optimizer 22.1.0.0";4;600;"--timeLimit 600 --workers 4";"AMD Ryzen 9 5950X";2023-08-22T09:27:14Z
jobshop-tt_demirkol_rcmax_30_15_10;0;Solution;3893;3532;600.01;549.44;0.11;245;;;1353830556;40838831;22981639;0;450;435;"CP Optimizer 22.1.0.0";4;600;"--timeLimit 600 --workers 4";"AMD Ryzen 9 5950X";2023-08-22T09:27:16Z
jobshop-tt_demirkol_rcmax_30_15_1;0;Solution;3677;3382;600.01;453.01;0.14;241;;;1358702309;41694828;22977935;0;450;435;"CP Optimizer 22.1.0.0";4;600;"--timeLimit 600 --workers 4";"AMD Ryzen 9 5950X";2023-08-22T09:37:13Z
jobshop-tt_demirkol_rcmax_30_15_4;0;Solution;3658;3444;600.01;466.92;0.17;184;;;1376702825;43124942;23289159;0;450;435;"CP Optimizer 22.1.0.0";4;600;"--timeLimit 600 --workers 4";"AMD Ryzen 9 5950X";2023-08-22T09:37:14Z
jobshop-tt_demirkol_rcmax_30_15_5;0;Solution;4199;3709;600;433.02;0.13;188;;;1369599825;40044341;22804951;0;450;435;"CP Optimizer 22.1.0.0";4;600;"--timeLimit 600 --workers 4";"AMD Ryzen 9 5950X";2023-08-22T09:37:16Z
jobshop-tt_demirkol_rcmax_30_15_9;0;Solution;3808;3458;600;577.6;0.12;262;;;1377276562;45665571;24125863;0;450;435;"CP Optimizer 22.1.0.0";4;600;"--timeLimit 600 --workers 4";"AMD Ryzen 9 5950X";2023-08-22T09:47:13Z
jobshop-tt_demirkol_rcmax_30_20_10;0;Solution;4156;3785;600.01;564.52;0.18;292;;;1298191824;34233483;23168583;0;600;590;"CP Optimizer 22.1.0.0";4;600;"--timeLimit 600 --workers 4";"AMD Ryzen 9 5950X";2023-08-22T09:47:14Z
jobshop-tt_demirkol_rcmax_30_20_2;0;Solution;4083;3692;600.01;458.95;0.26;283;;;1288915214;33331351;23119951;0;600;590;"CP Optimizer 22.1.0.0";4;600;"--timeLimit 600 --workers 4";"AMD Ryzen 9 5950X";2023-08-22T09:47:16Z
jobshop-tt_demirkol_rcmax_30_20_7;0;Solution;4110;3782;600.01;596.02;0.21;247;;;1288893857;34170870;23648422;0;600;590;"CP Optimizer 22.1.0.0";4;600;"--timeLimit 600 --workers 4";"AMD Ryzen 9 5950X";2023-08-22T09:57:13Z
jobshop-tt_demirkol_rcmax_30_20_8;0;Solution;4148;3681;600.02;592.84;0.2;253;;;1282208904;32964054;23226447;0;600;590;"CP Optimizer 22.1.0.0";4;600;"--timeLimit 600 --workers 4";"AMD Ryzen 9 5950X";2023-08-22T09:57:14Z
jobshop-tt_demirkol_rcmax_30_20_9;0;Solution;4245;3901;600.01;585.76;0.15;226;;;1284172615;34622490;23569463;0;600;590;"CP Optimizer 22.1.0.0";4;600;"--timeLimit 600 --workers 4";"AMD Ryzen 9 5950X";2023-08-22T09:57:16Z
jobshop-tt_demirkol_rcmax_40_15_10;0;Solution;4892;4682;600.01;505.74;0.31;266;;;1318526493;31309887;30497032;0;600;575;"CP Optimizer 22.1.0.0";4;600;"--timeLimit 600 --workers 4";"AMD Ryzen 9 5950X";2023-08-22T10:07:13Z
jobshop-tt_demirkol_rcmax_40_15_2;0;Solution;4412;4223;600.01;192.28;0.21;285;;;1309527576;31521599;23266959;0;600;575;"CP Optimizer 22.1.0.0";4;600;"--timeLimit 600 --workers 4";"AMD Ryzen 9 5950X";2023-08-22T10:07:14Z
jobshop-tt_demirkol_rcmax_40_15_5;0;Solution;4764;4445;600.02;540.14;0.2;335;;;1315222641;32083387;25948102;0;600;575;"CP Optimizer 22.1.0.0";4;600;"--timeLimit 600 --workers 4";"AMD Ryzen 9 5950X";2023-08-22T10:07:16Z
jobshop-tt_demirkol_rcmax_40_15_8;0;Solution;4855;4707;600.01;449.32;0.16;269;;;1314768452;31730037;24002401;0;600;575;"CP Optimizer 22.1.0.0";4;600;"--timeLimit 600 --workers 4";"AMD Ryzen 9 5950X";2023-08-22T10:17:13Z
jobshop-tt_demirkol_rcmax_40_15_9;0;Solution;4963;4776;600.02;426.94;0.2;271;;;1306184492;31456914;27512805;0;600;575;"CP Optimizer 22.1.0.0";4;600;"--timeLimit 600 --workers 4";"AMD Ryzen 9 5950X";2023-08-22T10:17:14Z
jobshop-tt_demirkol_rcmax_40_20_1;0;Solution;5273;4732;600.02;553.07;0.33;309;;;1228812066;24477452;30887342;0;800;780;"CP Optimizer 22.1.0.0";4;600;"--timeLimit 600 --workers 4";"AMD Ryzen 9 5950X";2023-08-22T10:17:16Z
jobshop-tt_demirkol_rcmax_40_20_2;0;Solution;5109;4764;600.02;589;0.4;362;;;1207662170;22834161;35873037;0;800;780;"CP Optimizer 22.1.0.0";4;600;"--timeLimit 600 --workers 4";"AMD Ryzen 9 5950X";2023-08-22T10:27:13Z
jobshop-tt_demirkol_rcmax_40_20_3;0;Solution;5402;4944;600.03;281.19;0.3;344;;;1237449787;24468822;41731599;0;800;780;"CP Optimizer 22.1.0.0";4;600;"--timeLimit 600 --workers 4";"AMD Ryzen 9 5950X";2023-08-22T10:27:14Z
jobshop-tt_demirkol_rcmax_40_20_6;0;Solution;5125;4781;600.03;563.07;0.21;377;;;1236674675;23758624;35528803;0;800;780;"CP Optimizer 22.1.0.0";4;600;"--timeLimit 600 --workers 4";"AMD Ryzen 9 5950X";2023-08-22T10:27:16Z
jobshop-tt_demirkol_rcmax_40_20_7;0;Solution;5208;4795;600.02;560.04;0.42;330;;;1217076449;24603200;27716380;0;800;780;"CP Optimizer 22.1.0.0";4;600;"--timeLimit 600 --workers 4";"AMD Ryzen 9 5950X";2023-08-22T10:37:13Z
jobshop-tt_demirkol_rcmax_50_15_1;0;Solution;6114;5991;600.04;231.4;0.45;120;;;1288289599;24608141;25032319;0;750;715;"CP Optimizer 22.1.0.0";4;600;"--timeLimit 600 --workers 4";"AMD Ryzen 9 5950X";2023-08-22T10:37:14Z
jobshop-tt_demirkol_rcmax_50_15_2;0;Solution;5963;5806;600.03;361.27;0.38;166;;;1282029984;23364620;29822957;0;750;715;"CP Optimizer 22.1.0.0";4;600;"--timeLimit 600 --workers 4";"AMD Ryzen 9 5950X";2023-08-22T10:37:16Z
jobshop-tt_demirkol_rcmax_50_15_3;0;Solution;6024;5704;600.03;591.62;0.32;397;;;1256207771;24539594;36845085;0;750;715;"CP Optimizer 22.1.0.0";4;600;"--timeLimit 600 --workers 4";"AMD Ryzen 9 5950X";2023-08-22T10:47:13Z
jobshop-tt_demirkol_rcmax_50_15_4;0;Solution;5635;5463;600.03;557.76;0.29;302;;;1256527647;23738265;36505889;0;750;715;"CP Optimizer 22.1.0.0";4;600;"--timeLimit 600 --workers 4";"AMD Ryzen 9 5950X";2023-08-22T10:47:14Z
jobshop-tt_demirkol_rcmax_50_15_5;0;Solution;5899;5703;600.02;590.54;0.4;320;;;1291389224;24231930;28611137;0;750;715;"CP Optimizer 22.1.0.0";4;600;"--timeLimit 600 --workers 4";"AMD Ryzen 9 5950X";2023-08-22T10:47:16Z
jobshop-tt_demirkol_rcmax_50_20_2;0;Solution;6193;5697;600.04;574.12;0.67;479;;;1186859996;18849522;49020908;0;1000;970;"CP Optimizer 22.1.0.0";4;600;"--timeLimit 600 --workers 4";"AMD Ryzen 9 5950X";2023-08-22T10:57:13Z
jobshop-tt_demirkol_rcmax_50_20_3;0;Solution;6111;5660;600.04;594.15;0.28;448;;;1181301724;18180396;36321916;0;1000;970;"CP Optimizer 22.1.0.0";4;600;"--timeLimit 600 --workers 4";"AMD Ryzen 9 5950X";2023-08-22T10:57:14Z
jobshop-tt_demirkol_rcmax_50_20_6;0;Solution;6418;5791;600.05;534.72;0.32;382;;;1185593995;17979005;42341980;0;1000;970;"CP Optimizer 22.1.0.0";4;600;"--timeLimit 600 --workers 4";"AMD Ryzen 9 5950X";2023-08-22T10:57:16Z
jobshop-tt_ft06;0;Optimum;109;109;0.16;0.05;0.16;8;;;391003;47397;2840350;0;36;36;"CP Optimizer 22.1.0.0";4;600;"--timeLimit 600 --workers 4";"AMD Ryzen 9 5950X";2023-08-22T11:07:17Z
jobshop-tt_ft10;0;Optimum;1016;1016;25.46;9.61;25.46;38;;;70380539;3822300;6845922;0;100;100;"CP Optimizer 22.1.0.0";4;600;"--timeLimit 600 --workers 4";"AMD Ryzen 9 5950X";2023-08-22T11:07:17Z
jobshop-tt_demirkol_rcmax_50_20_7;0;Solution;6334;5925;600.04;599.43;0.43;383;;;1172146836;18551885;51711640;0;1000;970;"CP Optimizer 22.1.0.0";4;600;"--timeLimit 600 --workers 4";"AMD Ryzen 9 5950X";2023-08-22T11:07:13Z
jobshop-tt_la01;0;Optimum;735;735;0.31;0.14;0.31;10;;;743318;74543;3134128;0;50;45;"CP Optimizer 22.1.0.0";4;600;"--timeLimit 600 --workers 4";"AMD Ryzen 9 5950X";2023-08-22T11:17:13Z
jobshop-tt_la02;0;Optimum;728;728;0.95;0.21;0.95;24;;;2235940;203554;3282319;0;50;45;"CP Optimizer 22.1.0.0";4;600;"--timeLimit 600 --workers 4";"AMD Ryzen 9 5950X";2023-08-22T11:17:13Z
jobshop-tt_demirkol_rcmax_50_20_9;0;Solution;6185;5813;600.04;495.3;0.54;461;;;1179699549;19751776;42670851;0;1000;970;"CP Optimizer 22.1.0.0";4;600;"--timeLimit 600 --workers 4";"AMD Ryzen 9 5950X";2023-08-22T11:07:14Z
jobshop-tt_la04;0;Optimum;658;658;0.63;0.29;0.63;24;;;1546753;150322;3191192;0;50;45;"CP Optimizer 22.1.0.0";4;600;"--timeLimit 600 --workers 4";"AMD Ryzen 9 5950X";2023-08-22T11:17:14Z
jobshop-tt_la03;0;Optimum;679;679;0.87;0.56;0.87;18;;;2187174;202230;3240262;0;50;45;"CP Optimizer 22.1.0.0";4;600;"--timeLimit 600 --workers 4";"AMD Ryzen 9 5950X";2023-08-22T11:17:14Z
jobshop-tt_la05;0;Optimum;633;633;0.34;0.08;0.34;8;;;782878;88898;3104766;0;50;45;"CP Optimizer 22.1.0.0";4;600;"--timeLimit 600 --workers 4";"AMD Ryzen 9 5950X";2023-08-22T11:17:15Z
jobshop-tt_la07;0;Optimum;965;965;4.53;0.58;4.53;26;;;11014800;811773;3942384;0;75;65;"CP Optimizer 22.1.0.0";4;600;"--timeLimit 600 --workers 4";"AMD Ryzen 9 5950X";2023-08-22T11:17:15Z
jobshop-tt_ft20;0;Solution;1337;1217;600.01;206.03;0.04;70;;;1761395657;106169591;60946407;0;100;85;"CP Optimizer 22.1.0.0";4;600;"--timeLimit 600 --workers 4";"AMD Ryzen 9 5950X";2023-08-22T11:07:42Z
jobshop-tt_la08;0;Optimum;939;939;26.7;26.5;26.7;33;;;69654619;5054371;6936462;0;75;65;"CP Optimizer 22.1.0.0";4;600;"--timeLimit 600 --workers 4";"AMD Ryzen 9 5950X";2023-08-22T11:17:20Z
jobshop-tt_la06;0;Optimum;990;990;38.08;3.16;38.08;23;;;99567761;7122232;7665194;0;75;65;"CP Optimizer 22.1.0.0";4;600;"--timeLimit 600 --workers 4";"AMD Ryzen 9 5950X";2023-08-22T11:17:15Z
jobshop-tt_la10;0;Optimum;1035;1035;26.5;20.22;26.5;20;;;69247159;5161259;6795427;0;75;65;"CP Optimizer 22.1.0.0";4;600;"--timeLimit 600 --workers 4";"AMD Ryzen 9 5950X";2023-08-22T11:17:46Z
jobshop-tt_la09;0;Optimum;1020;1020;226.63;209.89;226.63;27;;;597336345;43845255;28562551;0;75;65;"CP Optimizer 22.1.0.0";4;600;"--timeLimit 600 --workers 4";"AMD Ryzen 9 5950X";2023-08-22T11:17:42Z
jobshop-tt_la11;0;Solution;1300;1263;600;386.95;0.04;32;;;1600739539;90078225;47867527;0;100;85;"CP Optimizer 22.1.0.0";4;600;"--timeLimit 600 --workers 4";"AMD Ryzen 9 5950X";2023-08-22T11:17:53Z
jobshop-tt_la12;0;Solution;1127;1083;600.01;115.99;0.07;49;;;1638902307;118781228;64997446;0;100;85;"CP Optimizer 22.1.0.0";4;600;"--timeLimit 600 --workers 4";"AMD Ryzen 9 5950X";2023-08-22T11:18:13Z
jobshop-tt_la13;0;Solution;1232;1203;600;25.62;0.05;24;;;1630504526;110136472;59502527;0;100;85;"CP Optimizer 22.1.0.0";4;600;"--timeLimit 600 --workers 4";"AMD Ryzen 9 5950X";2023-08-22T11:21:29Z
jobshop-tt_la16;0;Optimum;1027;1027;2.29;1.38;2.29;26;;;5692186;381281;4518406;0;100;100;"CP Optimizer 22.1.0.0";4;600;"--timeLimit 600 --workers 4";"AMD Ryzen 9 5950X";2023-08-22T11:31:29Z
jobshop-tt_la17;0;Optimum;846;846;0.97;0.76;0.97;37;;;2394199;170736;4478894;0;100;100;"CP Optimizer 22.1.0.0";4;600;"--timeLimit 600 --workers 4";"AMD Ryzen 9 5950X";2023-08-22T11:31:31Z
jobshop-tt_la18;0;Optimum;922;922;1.71;0.58;1.71;25;;;4371388;302843;4476175;0;100;100;"CP Optimizer 22.1.0.0";4;600;"--timeLimit 600 --workers 4";"AMD Ryzen 9 5950X";2023-08-22T11:31:32Z
jobshop-tt_la19;0;Optimum;922;922;4.77;3.63;4.77;40;;;12164998;800797;4906448;0;100;100;"CP Optimizer 22.1.0.0";4;600;"--timeLimit 600 --workers 4";"AMD Ryzen 9 5950X";2023-08-22T11:31:34Z
jobshop-tt_la20;0;Optimum;971;971;1.36;0.73;1.36;27;;;3419710;234036;4710129;0;100;100;"CP Optimizer 22.1.0.0";4;600;"--timeLimit 600 --workers 4";"AMD Ryzen 9 5950X";2023-08-22T11:31:39Z
jobshop-tt_la14;0;Optimum;1369;1369;345.1;17.38;345.1;18;;;937628613;57427078;30780528;0;100;85;"CP Optimizer 22.1.0.0";4;600;"--timeLimit 600 --workers 4";"AMD Ryzen 9 5950X";2023-08-22T11:27:53Z
jobshop-tt_la22;0;Optimum;1050;1050;114.56;84.7;114.56;51;;;294665320;14349518;13035000;0;150;145;"CP Optimizer 22.1.0.0";4;600;"--timeLimit 600 --workers 4";"AMD Ryzen 9 5950X";2023-08-22T11:33:38Z
jobshop-tt_la23;0;Optimum;1129;1129;56.51;52.49;56.51;52;;;148134985;7371416;9133534;0;150;145;"CP Optimizer 22.1.0.0";4;600;"--timeLimit 600 --workers 4";"AMD Ryzen 9 5950X";2023-08-22T11:35:33Z
jobshop-tt_la15;0;Solution;1298;1239;600;127.96;0.04;70;;;1602618502;91183691;47453775;0;100;85;"CP Optimizer 22.1.0.0";4;600;"--timeLimit 600 --workers 4";"AMD Ryzen 9 5950X";2023-08-22T11:28:13Z
jobshop-tt_la24;0;Optimum;1039;1039;233.45;226.11;233.45;63;;;603191350;30052635;20860462;0;150;145;"CP Optimizer 22.1.0.0";4;600;"--timeLimit 600 --workers 4";"AMD Ryzen 9 5950X";2023-08-22T11:36:29Z
jobshop-tt_la21;0;Solution;1171;1050;600.01;541.57;0.05;61;;;1565372971;75475870;41170767;0;150;145;"CP Optimizer 22.1.0.0";4;600;"--timeLimit 600 --workers 4";"AMD Ryzen 9 5950X";2023-08-22T11:31:40Z
jobshop-tt_la25;0;Optimum;1092;1092;247.86;174.02;247.86;66;;;629474298;30794154;21246880;0;150;145;"CP Optimizer 22.1.0.0";4;600;"--timeLimit 600 --workers 4";"AMD Ryzen 9 5950X";2023-08-22T11:38:13Z
jobshop-tt_la26;0;Solution;1388;1270;600.01;3.67;0.07;60;;;1585373225;78822392;38834079;0;200;190;"CP Optimizer 22.1.0.0";4;600;"--timeLimit 600 --workers 4";"AMD Ryzen 9 5950X";2023-08-22T11:40:23Z
jobshop-tt_la27;0;Solution;1410;1292;600;67.06;0.08;95;;;1580332330;75829664;38909231;0;200;190;"CP Optimizer 22.1.0.0";4;600;"--timeLimit 600 --workers 4";"AMD Ryzen 9 5950X";2023-08-22T11:41:40Z
jobshop-tt_la28;0;Solution;1399;1270;600;131.4;0.07;93;;;1577140494;79833952;39565455;0;200;190;"CP Optimizer 22.1.0.0";4;600;"--timeLimit 600 --workers 4";"AMD Ryzen 9 5950X";2023-08-22T11:42:21Z
jobshop-tt_la29;0;Solution;1376;1168;600;202.13;0.09;68;;;1579556687;77200226;38694511;0;200;190;"CP Optimizer 22.1.0.0";4;600;"--timeLimit 600 --workers 4";"AMD Ryzen 9 5950X";2023-08-22T11:50:23Z
jobshop-tt_la30;0;Solution;1483;1396;600;514.01;0.1;85;;;1592804473;79303461;38389303;0;200;190;"CP Optimizer 22.1.0.0";4;600;"--timeLimit 600 --workers 4";"AMD Ryzen 9 5950X";2023-08-22T11:51:40Z
jobshop-tt_la31;0;Solution;1917;1845;600;584.43;0.11;76;;;1523853521;58540512;26728815;0;300;280;"CP Optimizer 22.1.0.0";4;600;"--timeLimit 600 --workers 4";"AMD Ryzen 9 5950X";2023-08-22T11:52:21Z
jobshop-tt_la32;0;Solution;1986;1895;600;243.78;0.1;79;;;1519923487;57558681;26656479;0;300;280;"CP Optimizer 22.1.0.0";4;600;"--timeLimit 600 --workers 4";"AMD Ryzen 9 5950X";2023-08-22T12:00:23Z
jobshop-tt_la33;0;Solution;1866;1771;600;95.04;0.1;84;;;1523431178;58009661;26699295;0;300;280;"CP Optimizer 22.1.0.0";4;600;"--timeLimit 600 --workers 4";"AMD Ryzen 9 5950X";2023-08-22T12:01:40Z
jobshop-tt_la34;0;Solution;1898;1782;600;591.41;0.08;140;;;1517414076;55954960;26222023;0;300;280;"CP Optimizer 22.1.0.0";4;600;"--timeLimit 600 --workers 4";"AMD Ryzen 9 5950X";2023-08-22T12:02:21Z
jobshop-tt_la37;0;Optimum;1510;1510;40.12;38.64;40.12;84;;;101472023;4003577;8935874;0;225;225;"CP Optimizer 22.1.0.0";4;600;"--timeLimit 600 --workers 4";"AMD Ryzen 9 5950X";2023-08-22T12:12:21Z
jobshop-tt_la36;0;Optimum;1392;1392;236.61;112.89;236.61;74;;;598258466;24682108;17730747;0;225;225;"CP Optimizer 22.1.0.0";4;600;"--timeLimit 600 --workers 4";"AMD Ryzen 9 5950X";2023-08-22T12:11:40Z
jobshop-tt_la39;0;Optimum;1379;1379;81.99;60.89;81.99;70;;;209160368;8564045;11164270;0;225;225;"CP Optimizer 22.1.0.0";4;600;"--timeLimit 600 --workers 4";"AMD Ryzen 9 5950X";2023-08-22T12:15:37Z
jobshop-tt_la35;0;Solution;2017;1935;600;222.68;0.07;102;;;1513831775;56429818;26065959;0;300;280;"CP Optimizer 22.1.0.0";4;600;"--timeLimit 600 --workers 4";"AMD Ryzen 9 5950X";2023-08-22T12:10:23Z
jobshop-tt_orb01;0;Optimum;1162;1162;112.39;63.2;112.39;41;;;314380457;15784977;14556737;0;100;100;"CP Optimizer 22.1.0.0";4;600;"--timeLimit 600 --workers 4";"AMD Ryzen 9 5950X";2023-08-22T12:20:23Z
jobshop-tt_orb02;0;Optimum;968;968;2.85;0.95;2.85;42;;;7753693;445693;4630177;0;100;100;"CP Optimizer 22.1.0.0";4;600;"--timeLimit 600 --workers 4";"AMD Ryzen 9 5950X";2023-08-22T12:22:15Z
jobshop-tt_orb03;0;Optimum;1110;1110;27.92;12.52;27.92;41;;;78070300;4105293;6956071;0;100;100;"CP Optimizer 22.1.0.0";4;600;"--timeLimit 600 --workers 4";"AMD Ryzen 9 5950X";2023-08-22T12:22:18Z
jobshop-tt_orb04;0;Optimum;1098;1098;6.33;4.26;6.33;24;;;17263480;966633;4939456;0;100;100;"CP Optimizer 22.1.0.0";4;600;"--timeLimit 600 --workers 4";"AMD Ryzen 9 5950X";2023-08-22T12:22:46Z
jobshop-tt_orb05;0;Optimum;964;964;5.81;4.75;5.81;34;;;15900180;952210;4828791;0;100;100;"CP Optimizer 22.1.0.0";4;600;"--timeLimit 600 --workers 4";"AMD Ryzen 9 5950X";2023-08-22T12:22:52Z
jobshop-tt_la38;0;Solution;1346;1139;600;288.41;0.08;80;;;1527257146;59144713;30986623;0;225;225;"CP Optimizer 22.1.0.0";4;600;"--timeLimit 600 --workers 4";"AMD Ryzen 9 5950X";2023-08-22T12:13:01Z
jobshop-tt_orb07;0;Optimum;480;480;9.67;4.04;9.67;34;;;26168748;1482001;5125088;0;100;100;"CP Optimizer 22.1.0.0";4;600;"--timeLimit 600 --workers 4";"AMD Ryzen 9 5950X";2023-08-22T12:23:01Z
jobshop-tt_la40;0;Optimum;1344;1344;372.45;174.29;372.45;74;;;950871031;37575240;22720505;0;225;225;"CP Optimizer 22.1.0.0";4;600;"--timeLimit 600 --workers 4";"AMD Ryzen 9 5950X";2023-08-22T12:16:59Z
jobshop-tt_orb08;0;Optimum;977;977;5.91;5.35;5.91;61;;;15971881;902735;4963393;0;100;100;"CP Optimizer 22.1.0.0";4;600;"--timeLimit 600 --workers 4";"AMD Ryzen 9 5950X";2023-08-22T12:23:11Z
jobshop-tt_orb10;0;Optimum;1028;1028;3.29;1.2;3.29;29;;;8677244;503118;4622923;0;100;100;"CP Optimizer 22.1.0.0";4;600;"--timeLimit 600 --workers 4";"AMD Ryzen 9 5950X";2023-08-22T12:23:17Z
jobshop-tt_orb09;0;Optimum;1018;1018;8.89;0.61;8.89;13;;;23770886;1305731;5011984;0;100;100;"CP Optimizer 22.1.0.0";4;600;"--timeLimit 600 --workers 4";"AMD Ryzen 9 5950X";2023-08-22T12:23:11Z
jobshop-tt_orb06;0;Optimum;1127;1127;30.25;21.64;30.25;32;;;84617522;4431504;7081506;0;100;100;"CP Optimizer 22.1.0.0";4;600;"--timeLimit 600 --workers 4";"AMD Ryzen 9 5950X";2023-08-22T12:22:58Z
jobshop-tt_swv01;0;Solution;1691;1413;600;118.15;0.06;99;;;1666825581;68939767;34701655;0;200;190;"CP Optimizer 22.1.0.0";4;600;"--timeLimit 600 --workers 4";"AMD Ryzen 9 5950X";2023-08-22T12:23:20Z
jobshop-tt_swv02;0;Solution;1685;1519;600.01;176.3;0.06;97;;;1678133742;64883395;33469079;0;200;190;"CP Optimizer 22.1.0.0";4;600;"--timeLimit 600 --workers 4";"AMD Ryzen 9 5950X";2023-08-22T12:23:20Z
jobshop-tt_swv03;0;Solution;1698;1387;600.01;224.33;0.04;112;;;1634430241;67033505;33942015;0;200;190;"CP Optimizer 22.1.0.0";4;600;"--timeLimit 600 --workers 4";"AMD Ryzen 9 5950X";2023-08-22T12:23:29Z
jobshop-tt_swv04;0;Solution;1766;1425;600;217.3;0.1;120;;;1636134098;65668123;32474071;0;200;190;"CP Optimizer 22.1.0.0";4;600;"--timeLimit 600 --workers 4";"AMD Ryzen 9 5950X";2023-08-22T12:33:20Z
jobshop-tt_swv05;0;Solution;1721;1466;600;18.19;0.08;83;;;1626518742;64002299;31697399;0;200;190;"CP Optimizer 22.1.0.0";4;600;"--timeLimit 600 --workers 4";"AMD Ryzen 9 5950X";2023-08-22T12:33:20Z
jobshop-tt_swv06;0;Solution;2033;1616;600;156.72;0.1;127;;;1562811770;48401464;24654903;0;300;295;"CP Optimizer 22.1.0.0";4;600;"--timeLimit 600 --workers 4";"AMD Ryzen 9 5950X";2023-08-22T12:33:29Z
jobshop-tt_swv07;0;Solution;1981;1443;600;394.5;0.07;116;;;1564542515;50221770;24755879;0;300;295;"CP Optimizer 22.1.0.0";4;600;"--timeLimit 600 --workers 4";"AMD Ryzen 9 5950X";2023-08-22T12:43:20Z
jobshop-tt_swv08;0;Solution;2075;1672;600;249.28;0.09;144;;;1571447602;51575300;25918367;0;300;295;"CP Optimizer 22.1.0.0";4;600;"--timeLimit 600 --workers 4";"AMD Ryzen 9 5950X";2023-08-22T12:43:20Z
jobshop-tt_swv09;0;Solution;1978;1665;600.01;29.37;0.13;160;;;1560897294;47748945;25269807;0;300;295;"CP Optimizer 22.1.0.0";4;600;"--timeLimit 600 --workers 4";"AMD Ryzen 9 5950X";2023-08-22T12:43:29Z
jobshop-tt_swv10;0;Solution;2097;1638;600;22.07;0.11;136;;;1576356682;48345111;24573631;0;300;295;"CP Optimizer 22.1.0.0";4;600;"--timeLimit 600 --workers 4";"AMD Ryzen 9 5950X";2023-08-22T12:53:20Z
jobshop-tt_swv11;0;Solution;3744;3053;600.02;493.47;0.2;287;;;1393918059;25770912;25055505;0;500;460;"CP Optimizer 22.1.0.0";4;600;"--timeLimit 600 --workers 4";"AMD Ryzen 9 5950X";2023-08-22T12:53:20Z
jobshop-tt_swv12;0;Solution;3575;3062;600.02;399.6;0.22;287;;;1422921361;25598953;20521727;0;500;460;"CP Optimizer 22.1.0.0";4;600;"--timeLimit 600 --workers 4";"AMD Ryzen 9 5950X";2023-08-22T12:53:29Z
jobshop-tt_swv13;0;Solution;3734;3172;600.02;520.12;0.19;265;;;1431067468;26504712;20266822;0;500;460;"CP Optimizer 22.1.0.0";4;600;"--timeLimit 600 --workers 4";"AMD Ryzen 9 5950X";2023-08-22T13:03:20Z
jobshop-tt_swv14;0;Solution;3570;3036;600.02;410.17;0.13;277;;;1426113209;26426381;21001905;0;500;460;"CP Optimizer 22.1.0.0";4;600;"--timeLimit 600 --workers 4";"AMD Ryzen 9 5950X";2023-08-22T13:03:20Z
jobshop-tt_swv15;0;Solution;3637;2966;600.01;486.99;0.2;221;;;1369244913;23489831;20356942;0;500;460;"CP Optimizer 22.1.0.0";4;600;"--timeLimit 600 --workers 4";"AMD Ryzen 9 5950X";2023-08-22T13:03:29Z
jobshop-tt_swv16;0;Solution;3107;2990;600.02;593.75;0.19;49;;;1444271604;33741601;22403134;0;500;460;"CP Optimizer 22.1.0.0";4;600;"--timeLimit 600 --workers 4";"AMD Ryzen 9 5950X";2023-08-22T13:13:20Z
jobshop-tt_swv17;0;Solution;2995;2856;600.01;478.98;0.27;121;;;1428734588;33220891;22158071;0;500;460;"CP Optimizer 22.1.0.0";4;600;"--timeLimit 600 --workers 4";"AMD Ryzen 9 5950X";2023-08-22T13:13:20Z
jobshop-tt_swv18;0;Solution;3021;2913;600.01;593.63;0.19;120;;;1445179255;32991035;22120358;0;500;460;"CP Optimizer 22.1.0.0";4;600;"--timeLimit 600 --workers 4";"AMD Ryzen 9 5950X";2023-08-22T13:13:29Z
jobshop-tt_taillard_ta01;0;Optimum;1351;1351;116.48;106.19;116.48;95;;;297616675;12038314;12691521;0;225;225;"CP Optimizer 22.1.0.0";4;600;"--timeLimit 600 --workers 4";"AMD Ryzen 9 5950X";2023-08-22T13:23:29Z
jobshop-tt_swv19;0;Solution;3049;2906;600.02;502.96;0.19;214;;;1411582413;33135651;21648391;0;500;460;"CP Optimizer 22.1.0.0";4;600;"--timeLimit 600 --workers 4";"AMD Ryzen 9 5950X";2023-08-22T13:23:20Z
jobshop-tt_swv20;0;Solution;3027;2880;600.01;359.57;0.23;96;;;1419094052;32693123;21841935;0;500;460;"CP Optimizer 22.1.0.0";4;600;"--timeLimit 600 --workers 4";"AMD Ryzen 9 5950X";2023-08-22T13:23:20Z
jobshop-tt_taillard_ta02;0;Solution;1353;1169;600.01;556.04;0.07;56;;;1532233155;58138995;31230847;0;225;225;"CP Optimizer 22.1.0.0";4;600;"--timeLimit 600 --workers 4";"AMD Ryzen 9 5950X";2023-08-22T13:25:25Z
jobshop-tt_taillard_ta04;0;Optimum;1290;1290;424.47;349.57;424.47;72;;;1080362573;41691223;24701545;0;225;225;"CP Optimizer 22.1.0.0";4;600;"--timeLimit 600 --workers 4";"AMD Ryzen 9 5950X";2023-08-22T13:33:20Z
jobshop-tt_taillard_ta03;0;Optimum;1323;1323;489.05;357.72;489.05;64;;;1236169619;49184858;27908062;0;225;225;"CP Optimizer 22.1.0.0";4;600;"--timeLimit 600 --workers 4";"AMD Ryzen 9 5950X";2023-08-22T13:33:20Z
jobshop-tt_taillard_ta05;0;Solution;1356;1153;600;507.67;0.09;62;;;1490077112;58745137;31788055;0;225;225;"CP Optimizer 22.1.0.0";4;600;"--timeLimit 600 --workers 4";"AMD Ryzen 9 5950X";2023-08-22T13:35:25Z
jobshop-tt_taillard_ta06;0;Solution;1381;1194;600;98.71;0.06;80;;;1533732896;57499847;30194567;0;225;225;"CP Optimizer 22.1.0.0";4;600;"--timeLimit 600 --workers 4";"AMD Ryzen 9 5950X";2023-08-22T13:40:25Z
jobshop-tt_taillard_ta07;0;Solution;1349;1207;600;522.32;0.07;84;;;1497127511;59768711;32759583;0;225;225;"CP Optimizer 22.1.0.0";4;600;"--timeLimit 600 --workers 4";"AMD Ryzen 9 5950X";2023-08-22T13:41:29Z
jobshop-tt_taillard_ta10;0;Optimum;1356;1356;230.23;169.32;230.23;98;;;579570821;22798853;17364411;0;225;225;"CP Optimizer 22.1.0.0";4;600;"--timeLimit 600 --workers 4";"AMD Ryzen 9 5950X";2023-08-22T13:51:29Z
jobshop-tt_taillard_ta08;0;Solution;1360;1142;600;591.78;0.06;68;;;1507174917;59602824;31943159;0;225;225;"CP Optimizer 22.1.0.0";4;600;"--timeLimit 600 --workers 4";"AMD Ryzen 9 5950X";2023-08-22T13:45:25Z
jobshop-tt_taillard_ta09;0;Solution;1401;1157;600;475.79;0.08;86;;;1509567387;57328682;29581007;0;225;225;"CP Optimizer 22.1.0.0";4;600;"--timeLimit 600 --workers 4";"AMD Ryzen 9 5950X";2023-08-22T13:50:25Z
jobshop-tt_taillard_ta11;0;Solution;1624;1326;600;94.97;0.08;100;;;1504239602;61108180;30075031;0;300;295;"CP Optimizer 22.1.0.0";4;600;"--timeLimit 600 --workers 4";"AMD Ryzen 9 5950X";2023-08-22T13:55:19Z
jobshop-tt_taillard_ta12;0;Solution;1577;1336;600;317.23;0.08;100;;;1501820744;59487364;29580551;0;300;295;"CP Optimizer 22.1.0.0";4;600;"--timeLimit 600 --workers 4";"AMD Ryzen 9 5950X";2023-08-22T13:55:25Z
jobshop-tt_taillard_ta13;0;Solution;1582;1283;600;7.74;0.06;63;;;1481659231;60342809;29572087;0;300;295;"CP Optimizer 22.1.0.0";4;600;"--timeLimit 600 --workers 4";"AMD Ryzen 9 5950X";2023-08-22T14:00:25Z
jobshop-tt_taillard_ta14;0;Solution;1543;1405;600;89.19;0.08;100;;;1488085525;61492973;29558199;0;300;295;"CP Optimizer 22.1.0.0";4;600;"--timeLimit 600 --workers 4";"AMD Ryzen 9 5950X";2023-08-22T14:05:19Z
jobshop-tt_taillard_ta15;0;Solution;1578;1288;600;159.98;0.08;98;;;1487108411;59540887;29417663;0;300;295;"CP Optimizer 22.1.0.0";4;600;"--timeLimit 600 --workers 4";"AMD Ryzen 9 5950X";2023-08-22T14:05:25Z
jobshop-tt_taillard_ta16;0;Solution;1618;1279;600;255.24;0.13;86;;;1503668485;60567409;29830023;0;300;295;"CP Optimizer 22.1.0.0";4;600;"--timeLimit 600 --workers 4";"AMD Ryzen 9 5950X";2023-08-22T14:10:25Z
jobshop-tt_taillard_ta17;0;Solution;1704;1449;600;461.68;0.09;111;;;1515378648;63551634;30413711;0;300;295;"CP Optimizer 22.1.0.0";4;600;"--timeLimit 600 --workers 4";"AMD Ryzen 9 5950X";2023-08-22T14:15:19Z
jobshop-tt_taillard_ta18;0;Solution;1636;1404;600;53.68;0.11;83;;;1477484655;55926696;28342983;0;300;295;"CP Optimizer 22.1.0.0";4;600;"--timeLimit 600 --workers 4";"AMD Ryzen 9 5950X";2023-08-22T14:15:25Z
jobshop-tt_taillard_ta19;0;Solution;1543;1275;600;182.39;0.06;119;;;1516439810;58363197;29065591;0;300;295;"CP Optimizer 22.1.0.0";4;600;"--timeLimit 600 --workers 4";"AMD Ryzen 9 5950X";2023-08-22T14:20:25Z
jobshop-tt_taillard_ta20;0;Solution;1540;1309;600;544.59;0.12;92;;;1489702435;60364195;30617375;0;300;295;"CP Optimizer 22.1.0.0";4;600;"--timeLimit 600 --workers 4";"AMD Ryzen 9 5950X";2023-08-22T14:25:19Z
jobshop-tt_taillard_ta21;0;Solution;1864;1509;600;63.41;0.1;106;;;1403102756;47980496;25719855;0;400;400;"CP Optimizer 22.1.0.0";4;600;"--timeLimit 600 --workers 4";"AMD Ryzen 9 5950X";2023-08-22T14:25:25Z
jobshop-tt_taillard_ta22;0;Solution;1797;1454;600;591.98;0.11;117;;;1427478303;49856627;26932743;0;400;400;"CP Optimizer 22.1.0.0";4;600;"--timeLimit 600 --workers 4";"AMD Ryzen 9 5950X";2023-08-22T14:30:25Z
jobshop-tt_taillard_ta23;0;Solution;1781;1439;600.01;52.29;0.11;105;;;1436837568;50832763;26431439;0;400;400;"CP Optimizer 22.1.0.0";4;600;"--timeLimit 600 --workers 4";"AMD Ryzen 9 5950X";2023-08-22T14:35:19Z
jobshop-tt_taillard_ta24;0;Solution;1887;1538;600.01;100.38;0.11;109;;;1418922250;51087144;26299703;0;400;400;"CP Optimizer 22.1.0.0";4;600;"--timeLimit 600 --workers 4";"AMD Ryzen 9 5950X";2023-08-22T14:35:25Z
jobshop-tt_taillard_ta25;0;Solution;1844;1480;600.01;25.61;0.1;103;;;1425619742;48520475;25846183;0;400;400;"CP Optimizer 22.1.0.0";4;600;"--timeLimit 600 --workers 4";"AMD Ryzen 9 5950X";2023-08-22T14:40:25Z
jobshop-tt_taillard_ta26;0;Solution;1913;1496;600.01;136.72;0.11;120;;;1456120894;49999442;26127903;0;400;400;"CP Optimizer 22.1.0.0";4;600;"--timeLimit 600 --workers 4";"AMD Ryzen 9 5950X";2023-08-22T14:45:19Z
jobshop-tt_taillard_ta27;0;Solution;1933;1605;600.01;222.34;0.08;109;;;1431526397;45762068;24450814;0;400;400;"CP Optimizer 22.1.0.0";4;600;"--timeLimit 600 --workers 4";"AMD Ryzen 9 5950X";2023-08-22T14:45:25Z
jobshop-tt_taillard_ta28;0;Solution;1905;1561;600;17.93;0.1;73;;;1437387630;52441147;26301487;0;400;400;"CP Optimizer 22.1.0.0";4;600;"--timeLimit 600 --workers 4";"AMD Ryzen 9 5950X";2023-08-22T14:50:25Z
jobshop-tt_taillard_ta29;0;Solution;1798;1465;600.01;7.39;0.08;96;;;1406593976;38928191;24195142;0;400;400;"CP Optimizer 22.1.0.0";4;600;"--timeLimit 600 --workers 4";"AMD Ryzen 9 5950X";2023-08-22T14:55:19Z
jobshop-tt_taillard_ta30;0;Solution;1817;1420;600.01;580.98;0.1;115;;;1420805000;49684981;26079071;0;400;400;"CP Optimizer 22.1.0.0";4;600;"--timeLimit 600 --workers 4";"AMD Ryzen 9 5950X";2023-08-22T14:55:25Z
jobshop-tt_taillard_ta31;0;Solution;2086;1832;600.01;92.42;0.16;161;;;1409986388;42830153;23228367;0;450;435;"CP Optimizer 22.1.0.0";4;600;"--timeLimit 600 --workers 4";"AMD Ryzen 9 5950X";2023-08-22T15:00:25Z
jobshop-tt_taillard_ta32;0;Solution;2113;1839;600.01;165.74;0.15;178;;;1413969178;41197957;22802951;0;450;435;"CP Optimizer 22.1.0.0";4;600;"--timeLimit 600 --workers 4";"AMD Ryzen 9 5950X";2023-08-22T15:05:20Z
jobshop-tt_taillard_ta33;0;Solution;2147;1804;600;88.86;0.14;192;;;1398763965;40916785;22677399;0;450;435;"CP Optimizer 22.1.0.0";4;600;"--timeLimit 600 --workers 4";"AMD Ryzen 9 5950X";2023-08-22T15:05:25Z
jobshop-tt_taillard_ta34;0;Solution;2159;1876;600;489.05;0.13;197;;;1408732874;41767453;23263983;0;450;435;"CP Optimizer 22.1.0.0";4;600;"--timeLimit 600 --workers 4";"AMD Ryzen 9 5950X";2023-08-22T15:10:25Z
jobshop-tt_taillard_ta35;0;Solution;2221;1999;600;281.33;0.13;120;;;1409106200;41898677;22817231;0;450;435;"CP Optimizer 22.1.0.0";4;600;"--timeLimit 600 --workers 4";"AMD Ryzen 9 5950X";2023-08-22T15:15:20Z
jobshop-tt_taillard_ta36;0;Solution;2124;1877;600.01;450.46;0.17;187;;;1405977422;41595783;22699527;0;450;435;"CP Optimizer 22.1.0.0";4;600;"--timeLimit 600 --workers 4";"AMD Ryzen 9 5950X";2023-08-22T15:15:25Z
jobshop-tt_taillard_ta37;0;Solution;2063;1825;600;511.34;0.1;218;;;1400123218;44655632;23724151;0;450;435;"CP Optimizer 22.1.0.0";4;600;"--timeLimit 600 --workers 4";"AMD Ryzen 9 5950X";2023-08-22T15:20:25Z
jobshop-tt_taillard_ta38;0;Solution;1970;1738;600;174.63;0.1;193;;;1388169828;41314994;23004502;0;450;435;"CP Optimizer 22.1.0.0";4;600;"--timeLimit 600 --workers 4";"AMD Ryzen 9 5950X";2023-08-22T15:25:20Z
jobshop-tt_taillard_ta39;0;Solution;2053;1836;600.01;333.46;0.13;183;;;1395543785;42155690;22826847;0;450;435;"CP Optimizer 22.1.0.0";4;600;"--timeLimit 600 --workers 4";"AMD Ryzen 9 5950X";2023-08-22T15:25:25Z
jobshop-tt_taillard_ta40;0;Solution;2063;1672;600;295.31;0.14;137;;;1392626647;41986105;22936543;0;450;435;"CP Optimizer 22.1.0.0";4;600;"--timeLimit 600 --workers 4";"AMD Ryzen 9 5950X";2023-08-22T15:30:25Z
jobshop-tt_taillard_ta41;0;Solution;2393;1918;600.01;444.37;0.27;202;;;1313312523;33426847;22977655;0;600;590;"CP Optimizer 22.1.0.0";4;600;"--timeLimit 600 --workers 4";"AMD Ryzen 9 5950X";2023-08-22T15:35:20Z
jobshop-tt_taillard_ta42;0;Solution;2286;1928;600.01;248.42;0.25;196;;;1314192869;32901597;23046847;0;600;590;"CP Optimizer 22.1.0.0";4;600;"--timeLimit 600 --workers 4";"AMD Ryzen 9 5950X";2023-08-22T15:35:25Z
jobshop-tt_taillard_ta43;0;Solution;2237;1881;600.02;207.37;0.13;230;;;1320023321;33139055;23161127;0;600;590;"CP Optimizer 22.1.0.0";4;600;"--timeLimit 600 --workers 4";"AMD Ryzen 9 5950X";2023-08-22T15:40:25Z
jobshop-tt_taillard_ta44;0;Solution;2351;1939;600.01;534.28;0.26;218;;;1313670681;32573686;23115871;0;600;590;"CP Optimizer 22.1.0.0";4;600;"--timeLimit 600 --workers 4";"AMD Ryzen 9 5950X";2023-08-22T15:45:20Z
jobshop-tt_taillard_ta45;0;Solution;2303;1996;600.02;298.49;0.22;156;;;1315620483;32305313;23045391;0;600;590;"CP Optimizer 22.1.0.0";4;600;"--timeLimit 600 --workers 4";"AMD Ryzen 9 5950X";2023-08-22T15:45:25Z
jobshop-tt_taillard_ta46;0;Solution;2380;2007;600.01;520.47;0.25;190;;;1302715888;33302177;23560463;0;600;590;"CP Optimizer 22.1.0.0";4;600;"--timeLimit 600 --workers 4";"AMD Ryzen 9 5950X";2023-08-22T15:50:25Z
jobshop-tt_taillard_ta47;0;Solution;2244;1832;600.01;212.32;0.2;182;;;1318862038;32830029;23122255;0;600;590;"CP Optimizer 22.1.0.0";4;600;"--timeLimit 600 --workers 4";"AMD Ryzen 9 5950X";2023-08-22T15:55:20Z
jobshop-tt_taillard_ta48;0;Solution;2334;1913;600.01;323.89;0.22;147;;;1310479322;32335539;22843175;0;600;590;"CP Optimizer 22.1.0.0";4;600;"--timeLimit 600 --workers 4";"AMD Ryzen 9 5950X";2023-08-22T15:55:25Z
jobshop-tt_taillard_ta49;0;Solution;2364;1903;600.01;171.36;0.2;170;;;1325401752;32205679;22911975;0;600;590;"CP Optimizer 22.1.0.0";4;600;"--timeLimit 600 --workers 4";"AMD Ryzen 9 5950X";2023-08-22T16:00:25Z
jobshop-tt_taillard_ta50;0;Solution;2313;1806;600.01;508.86;0.16;208;;;1316022215;34100658;23314623;0;600;590;"CP Optimizer 22.1.0.0";4;600;"--timeLimit 600 --workers 4";"AMD Ryzen 9 5950X";2023-08-22T16:05:20Z
jobshop-tt_taillard_ta51;0;Solution;3082;2839;600.03;598.93;0.2;335;;;1272144583;24641818;27885800;0;750;715;"CP Optimizer 22.1.0.0";4;600;"--timeLimit 600 --workers 4";"AMD Ryzen 9 5950X";2023-08-22T16:05:25Z
jobshop-tt_taillard_ta52;0;Solution;3116;2826;600.03;432.65;0.28;346;;;1276178849;23956338;29507817;0;750;715;"CP Optimizer 22.1.0.0";4;600;"--timeLimit 600 --workers 4";"AMD Ryzen 9 5950X";2023-08-22T16:10:25Z
jobshop-tt_taillard_ta53;0;Solution;3032;2793;600.03;589.83;0.3;321;;;1284930894;24375517;34259819;0;750;715;"CP Optimizer 22.1.0.0";4;600;"--timeLimit 600 --workers 4";"AMD Ryzen 9 5950X";2023-08-22T16:15:20Z
jobshop-tt_taillard_ta54;0;Solution;3101;2918;600.03;569.94;0.29;237;;;1283986912;24130956;34623325;0;750;715;"CP Optimizer 22.1.0.0";4;600;"--timeLimit 600 --workers 4";"AMD Ryzen 9 5950X";2023-08-22T16:15:26Z
jobshop-tt_taillard_ta55;0;Solution;3068;2734;600.02;581.25;0.29;325;;;1279069687;24177533;34790778;0;750;715;"CP Optimizer 22.1.0.0";4;600;"--timeLimit 600 --workers 4";"AMD Ryzen 9 5950X";2023-08-22T16:20:25Z
jobshop-tt_taillard_ta56;0;Solution;3092;2851;600.03;576.81;0.21;317;;;1286513265;23104654;31482135;0;750;715;"CP Optimizer 22.1.0.0";4;600;"--timeLimit 600 --workers 4";"AMD Ryzen 9 5950X";2023-08-22T16:25:20Z
jobshop-tt_taillard_ta57;0;Solution;3281;3012;600.03;571.95;0.22;242;;;1288725641;24570683;30823714;0;750;715;"CP Optimizer 22.1.0.0";4;600;"--timeLimit 600 --workers 4";"AMD Ryzen 9 5950X";2023-08-22T16:25:26Z
jobshop-tt_taillard_ta58;0;Solution;3224;2954;600.03;556.15;0.3;254;;;1273078792;23902616;27691443;0;750;715;"CP Optimizer 22.1.0.0";4;600;"--timeLimit 600 --workers 4";"AMD Ryzen 9 5950X";2023-08-22T16:30:25Z
jobshop-tt_taillard_ta59;0;Solution;3031;2723;600.03;540.21;0.21;301;;;1287278169;24333948;34624692;0;750;715;"CP Optimizer 22.1.0.0";4;600;"--timeLimit 600 --workers 4";"AMD Ryzen 9 5950X";2023-08-22T16:35:20Z
jobshop-tt_taillard_ta60;0;Solution;3085;2784;600.03;354.88;0.31;276;;;1294887251;24717839;32805741;0;750;715;"CP Optimizer 22.1.0.0";4;600;"--timeLimit 600 --workers 4";"AMD Ryzen 9 5950X";2023-08-22T16:35:26Z
jobshop-tt_taillard_ta61;0;Solution;3344;2933;600.04;595.69;0.45;316;;;1190454203;18998312;41687046;0;1000;970;"CP Optimizer 22.1.0.0";4;600;"--timeLimit 600 --workers 4";"AMD Ryzen 9 5950X";2023-08-22T16:40:25Z
jobshop-tt_taillard_ta62;0;Solution;3487;2943;600.04;570.48;0.69;296;;;1212782317;17766708;41592054;0;1000;970;"CP Optimizer 22.1.0.0";4;600;"--timeLimit 600 --workers 4";"AMD Ryzen 9 5950X";2023-08-22T16:45:20Z
jobshop-tt_taillard_ta63;0;Solution;3225;2828;600.04;528.75;0.43;246;;;1187734118;19002456;42317053;0;1000;970;"CP Optimizer 22.1.0.0";4;600;"--timeLimit 600 --workers 4";"AMD Ryzen 9 5950X";2023-08-22T16:45:26Z
jobshop-tt_taillard_ta64;0;Solution;3174;2792;600.04;599.75;0.43;288;;;1197449201;18167940;36569228;0;1000;970;"CP Optimizer 22.1.0.0";4;600;"--timeLimit 600 --workers 4";"AMD Ryzen 9 5950X";2023-08-22T16:50:25Z
jobshop-tt_taillard_ta65;0;Solution;3240;2792;600.03;547.38;0.41;236;;;1195285460;17668696;49528569;0;1000;970;"CP Optimizer 22.1.0.0";4;600;"--timeLimit 600 --workers 4";"AMD Ryzen 9 5950X";2023-08-22T16:55:20Z
jobshop-tt_taillard_ta66;0;Solution;3336;2902;600.04;527.41;0.51;283;;;1210082185;19385773;35132270;0;1000;970;"CP Optimizer 22.1.0.0";4;600;"--timeLimit 600 --workers 4";"AMD Ryzen 9 5950X";2023-08-22T16:55:26Z
jobshop-tt_taillard_ta67;0;Solution;3277;2896;600.04;598.24;0.41;311;;;1186502422;19139471;45680532;0;1000;970;"CP Optimizer 22.1.0.0";4;600;"--timeLimit 600 --workers 4";"AMD Ryzen 9 5950X";2023-08-22T17:00:25Z
jobshop-tt_taillard_ta68;0;Solution;3251;2829;600.03;575.37;0.55;259;;;1204722543;18729169;39194197;0;1000;970;"CP Optimizer 22.1.0.0";4;600;"--timeLimit 600 --workers 4";"AMD Ryzen 9 5950X";2023-08-22T17:05:20Z
jobshop-tt_taillard_ta69;0;Solution;3442;3148;600.04;597.66;0.48;283;;;1202826332;18057406;46920401;0;1000;970;"CP Optimizer 22.1.0.0";4;600;"--timeLimit 600 --workers 4";"AMD Ryzen 9 5950X";2023-08-22T17:05:26Z
jobshop-tt_taillard_ta70;0;Solution;3519;3075;600.05;508.91;0.4;288;;;1208740819;17789892;48839244;0;1000;970;"CP Optimizer 22.1.0.0";4;600;"--timeLimit 600 --workers 4";"AMD Ryzen 9 5950X";2023-08-22T17:10:25Z
jobshop-tt_taillard_ta71;0;Solution;6294;5561;600;597.76;1.75;301;;;1070019335;7737441;63880662;0;2000;1920;"CP Optimizer 22.1.0.0";4;600;"--timeLimit 600 --workers 4";"AMD Ryzen 9 5950X";2023-08-22T17:15:20Z
jobshop-tt_taillard_ta72;0;Solution;5880;5278;600.01;447.7;1.63;267;;;1064920288;7118506;64200563;0;2000;1920;"CP Optimizer 22.1.0.0";4;600;"--timeLimit 600 --workers 4";"AMD Ryzen 9 5950X";2023-08-22T17:15:26Z
jobshop-tt_taillard_ta73;0;Solution;6348;5670;600.02;575.11;1.68;282;;;1070030000;7707058;65264566;0;2000;1920;"CP Optimizer 22.1.0.0";4;600;"--timeLimit 600 --workers 4";"AMD Ryzen 9 5950X";2023-08-22T17:20:25Z
jobshop-tt_taillard_ta74;0;Solution;6111;5434;600.03;550.85;1.62;236;;;1081884799;6848438;65489430;0;2000;1920;"CP Optimizer 22.1.0.0";4;600;"--timeLimit 600 --workers 4";"AMD Ryzen 9 5950X";2023-08-22T17:25:20Z
jobshop-tt_taillard_ta75;0;Solution;6186;5475;600.01;595.29;2.15;288;;;1067182343;8365841;63425341;0;2000;1920;"CP Optimizer 22.1.0.0";4;600;"--timeLimit 600 --workers 4";"AMD Ryzen 9 5950X";2023-08-22T17:25:26Z
jobshop-tt_taillard_ta76;0;Solution;6202;5438;600;536.55;1.58;179;;;1069216913;7355933;63400646;0;2000;1920;"CP Optimizer 22.1.0.0";4;600;"--timeLimit 600 --workers 4";"AMD Ryzen 9 5950X";2023-08-22T17:30:25Z
jobshop-tt_taillard_ta77;0;Solution;6228;5531;600.02;593.93;1.73;167;;;1082547077;7350315;65853566;0;2000;1920;"CP Optimizer 22.1.0.0";4;600;"--timeLimit 600 --workers 4";"AMD Ryzen 9 5950X";2023-08-22T17:35:20Z
jobshop-tt_taillard_ta78;0;Solution;6176;5485;600.02;587.14;1.62;169;;;1081989481;7523523;64230510;0;2000;1920;"CP Optimizer 22.1.0.0";4;600;"--timeLimit 600 --workers 4";"AMD Ryzen 9 5950X";2023-08-22T17:35:26Z
jobshop-tt_taillard_ta79;0;Solution;6160;5440;600;505.34;1.61;264;;;1108450864;6958115;64852430;0;2000;1920;"CP Optimizer 22.1.0.0";4;600;"--timeLimit 600 --workers 4";"AMD Ryzen 9 5950X";2023-08-22T17:40:25Z
jobshop-tt_taillard_ta80;0;Solution;5898;5289;600;588.32;2.73;276;;;1095662342;7223655;67721846;0;2000;1920;"CP Optimizer 22.1.0.0";4;600;"--timeLimit 600 --workers 4";"AMD Ryzen 9 5950X";2023-08-22T17:45:20Z
jobshop-tt_yn1;0;Solution;1068;785;600;11.41;0.18;87;;;1471381103;49108646;25931311;0;400;400;"CP Optimizer 22.1.0.0";4;600;"--timeLimit 600 --workers 4";"AMD Ryzen 9 5950X";2023-08-22T17:45:26Z
jobshop-tt_yn2;0;Solution;1122;825;600;563.46;0.12;68;;;1445299900;49054840;26177199;0;400;400;"CP Optimizer 22.1.0.0";4;600;"--timeLimit 600 --workers 4";"AMD Ryzen 9 5950X";2023-08-22T17:50:26Z
jobshop-tt_yn3;0;Solution;1123;847;600;89.86;0.12;70;;;1471426551;49665578;26431503;0;400;400;"CP Optimizer 22.1.0.0";4;600;"--timeLimit 600 --workers 4";"AMD Ryzen 9 5950X";2023-08-22T17:55:20Z
jobshop-tt_yn4;0;Solution;1245;939;600.01;162.87;0.08;107;;;1468562532;47224022;24719703;0;400;400;"CP Optimizer 22.1.0.0";4;600;"--timeLimit 600 --workers 4";"AMD Ryzen 9 5950X";2023-08-22T17:55:26Z
